Nome Completo,CPF,Matrícula,Obra Atual
Carlos Testador,456.789.123-01,456789,Não alocado
Arthur Duda - testes,10555877485,172506,Não alocado
THIAGO HENRIQUE LIMA DA SILVA,058.737.334-22,1491,Canteiro central
Teste Auto,11122233344,TEST-123,Não alocado
João da Silva,123.456.789-01,MAT-001,Res. Jardim das Figueiras
Maria Oliveira,987.654.321-09,MAT-002,Não alocado
Carlos Alberto Silva,99988877766,MAT-1111,Não alocado
Maria Oliveira Sousa,98765432100,REG-002,Não alocado
João Silva Santos,12345678901,REG-001,Não alocado
Test Worker,123.456.789-00,MAT-9999,Não alocado